fips,state,population,Any Other Weapon,Destructive Device,Machinegun,Silencer,Short Barreled Rifle,Short Barreled Shotgun,Total Registrations,Importers,Manufacturers,Dealers,Total Taxpayers,State,FFL Population
1,Alabama,4802740,"1,133","47,421","15,653","8,550","1,327","2,075","76,159",12,28,43,83,Alabama,"2,103"
2,Alaska,722718,311,"3,317","1,617","2,085",508,"1,101","8,939",0,10,25,35,Alaska,997
4,Arizona,6482505,"1,080","67,185","16,879","15,860","5,492","1,851","108,347",14,140,121,275,Arizona,"2,723"
5,Arkansas,2937979,591,"41,962","4,827","7,218","1,091","1,017","56,706",8,35,38,81,Arkansas,"1,812"
6,California,37691912,"3,698","212,800","28,774","7,303","3,738","12,166","268,479",9,45,68,122,California,"7,535"
8,Colorado,5116796,910,"37,444","6,040","6,475","2,217","1,389","54,475",1,33,52,86,Colorado,"2,361"
10,Delaware,907135,32,"2,183",569,302,94,507,"3,687",0,1,2,3,Delaware,314
12,Florida,19057542,"3,113","101,418","29,128","28,312","7,432","6,125","175,528",28,136,215,379,Florida,"6,374"
13,Georgia,9815210,"1,759","48,026","22,081","29,259","3,563","9,422","114,110",11,65,99,175,Georgia,"3,362"
15,Hawaii,1374810,34,"5,503",429,105,55,59,"6,185",0,0,2,2,Hawaii,254
16,Idaho,1584985,588,"14,049","4,342","9,839","1,103",398,"30,319",0,57,30,87,Idaho,"1,283"
17,Illinois,12869257,958,"83,363","24,651","1,071","1,214","1,674","112,931",8,36,41,85,Illinois,"4,349"
18,Indiana,6516922,"1,430","34,628","17,019","16,735","2,343","8,581","80,736",2,37,69,108,Indiana,"2,667"
19,Iowa,3062309,876,"11,737","3,262",301,343,936,"17,455",1,13,11,25,Iowa,"1,916"
20,Kansas,2871238,674,"19,379","3,289","2,266","1,095",850,"27,553",3,16,47,66,Kansas,"1,759"
21,Kentucky,4369356,"1,019","22,239","10,703","12,046","1,379","1,638","49,024",8,30,54,92,Kentucky,"2,241"
22,Louisiana,4574836,517,"44,821","6,182","4,359","1,577","1,508","58,964",2,22,65,89,Louisiana,"1,931"
23,Maine,1328188,570,"2,517","4,664","1,290","1,420",410,"10,871",1,17,18,36,Maine,861
24,Maryland,5828289,933,"45,037","23,709","7,024","1,713","3,771","82,187",6,33,41,80,Maryland,"2,495"
25,Massachusetts,6587536,837,"12,878","6,555","3,679","1,315",887,"26,151",3,44,23,70,Massachusetts,"3,290"
26,Michigan,9876187,"1,061","21,221","9,090","2,887",700,"1,121","36,080",7,32,64,103,Michigan,"4,055"
27,Minnesota,5344861,"2,633","36,066","6,828",619,"1,183","1,011","48,340",3,48,15,66,Minnesota,"2,639"
28,Mississippi,2978512,410,"6,776","3,886","3,368",572,712,"15,724",4,19,31,54,Mississippi,"1,362"
29,Missouri,6010688,"1,330","24,986","8,230","4,913","1,864","2,266","43,589",4,58,67,129,Missouri,"5,990"
30,Montana,998199,404,"2,852","1,892","2,303",497,345,"8,293",1,16,28,45,Montana,"1,423"
31,Nebraska,1842641,717,"5,068","2,049","2,273",895,768,"11,770",0,9,14,23,Nebraska,"1,085"
32,Nevada,2723322,679,"30,778","6,843","6,671","2,621",767,"48,359",2,39,43,84,Nevada,"1,188"
33,New Hampshire,1318194,430,"3,459","9,863","2,782","1,457",385,"18,376",6,29,31,66,New Hampshire,"1,018"
34,New Jersey,8821155,425,"37,700","6,895",965,688,"2,316","48,989",1,4,17,22,New Jersey,481
35,New Mexico,2082224,277,"60,764","3,709","2,920","1,094",607,"69,371",4,17,30,51,New Mexico,"1,026"
36,New York,19465197,"2,012","35,707","7,521","1,153","1,370","7,342","55,105",1,28,12,41,New York,"3,774"
37,North Carolina,9656401,820,"69,005","11,234","8,609","2,850","2,542","95,060",6,70,85,161,North Carolina,"3,966"
38,North Dakota,683932,199,"1,605","1,480","1,826",260,211,"5,581",0,3,6,9,North Dakota,611
39,Ohio,11544951,"1,776","71,814","18,013","10,407","2,842","3,822","108,574",2,80,104,186,Ohio,"4,446"
40,Oklahoma,3791508,"1,110","13,004","7,972","11,964","1,787","1,470","37,307",2,37,61,100,Oklahoma,"2,189"
41,Oregon,3871859,"1,487","17,492","6,442","9,841","2,346","1,309","38,917",2,71,65,138,Oregon,"2,376"
42,Pennsylvania,12742886,"2,043","148,700","17,384","12,914","3,853","12,323","197,217",7,79,112,198,Pennsylvania,"5,649"
44,Rhode Island,1051302,42,"2,710",595,27,106,112,"3,592",1,1,2,4,Rhode Island,452
45,South Carolina,4679230,670,"26,358","6,010","7,457","1,380","3,655","45,530",4,30,27,61,South Carolina,"1,899"
46,South Dakota,824082,344,"3,352","1,495","2,022",264,175,"7,652",0,10,20,30,South Dakota,691
47,Tennessee,6403353,"1,502","32,848","13,442","9,571","2,623","5,538","65,524",5,52,65,122,Tennessee,"3,086"
48,Texas,25674681,"6,169","159,805","28,690","47,712","9,271","6,557","258,204",14,167,296,477,Texas,"8,912"
49,Utah,2817222,403,"13,960","6,076","5,857","1,927","1,160","29,383",3,35,20,58,Utah,"1,071"
50,Vermont,626431,221,"2,216","1,070",68,134,94,"3,803",4,13,7,24,Vermont,538
51,Virginia,8096604,"2,514","161,841","30,220","15,736","6,720","6,272","223,303",19,61,97,177,Virginia,"3,813"
53,Washington,6830038,"1,726","34,693","3,805","8,400","1,174",752,"50,550",6,44,28,78,Washington,"2,529"
54,West Virginia,1855364,431,"8,318","2,438","2,325",682,548,"14,742",3,18,26,47,West Virginia,"1,337"
55,Wisconsin,5711767,747,"25,316","6,385","4,416","1,419","1,106","39,389",2,45,40,87,Wisconsin,"2,830"
